Name,Mobile Number,BirthDay
,,
Chiến Hán,84-120-229-1440,1954-11-2666 years oldAbout this date »
Chiến Hán,84-120-229-1440,1954-11-2666 years oldAbout this date »
Lễ Thân,(079) 177 0270,1949-11-2671 years oldAbout this date »
Vy Cấn,0164 487 3683,1954-11-2666 years oldAbout this date »
Vương Liễu,(0168) 914 6891,1985-11-2635 years oldAbout this date »
Ngân Lục,(0168)202-3918,2001-11-2619 years oldAbout this date »
Khoát Cát,(075) 455 1320,1946-11-2674 years oldAbout this date »
Ân Hình,+84-67-560-5958,1974-11-2646 years oldAbout this date »
Luật Triệu,(0121)557-7009,1952-11-2668 years oldAbout this date »
Kiện Giáp,84-165-262-5584,1952-11-2668 years oldAbout this date »
